workload,compaction_style,value_size,rocksdb.number.keys.written,rocksdb.bytes.written,rocksdb.compact.write.bytes,rocksdb.flush.write.bytes,rocksdb.wal.bytes,rocksdb.write.wal,WAF
overwrite,universal,1KB,1000000,1056000000,589472628,554212973,1056000000,1000000,2.083035607007576
fillrandom,universal,4KB,1000000,4128000000,3540818396,2301488797,4128000000,1000000,2.4152875952034885
overwrite,universal,16KB,1000000,16417000000,20922566009,8996726917,16417000000,1000000,2.822457996345252
fillrandom,universal,16KB,1000000,16417000000,23330374011,8996719499,16417000000,1000000,2.9691230742522996
fillrandom,universal,1KB,1000000,1056000000,590356007,554189559,1056000000,1000000,2.0838499678030304
overwrite,universal,4KB,1000000,4128000000,3254281401,2263874391,4128000000,1000000,2.3367625465116277
